r20,expr,min,mean,max
Units: uS,chlesky,7.643,17.93769,75.658
,norm gen,637.062,852.14992,3110
,mult,39.993,51.53825,108.082
r200,,,,
Units: uS,chlesky,892.454,1483.72858,49318.232
,norm gen,2645.876,2917.22254,4008.003
,mult,3721.327,3914.44114,5055.158
